ticker,date,close
ADANIENT,"2023-10-03 00:00:00",2387.25
ADANIENT,"2023-10-04 00:00:00",2464.95
ADANIENT,"2023-10-05 00:00:00",2466.35
ADANIENT,"2023-10-06 00:00:00",2478.1
ADANIENT,"2023-10-09 00:00:00",2442.6
ADANIENT,"2023-10-10 00:00:00",2498.3
ADANIENT,"2023-10-11 00:00:00",2488.6
ADANIENT,"2023-10-12 00:00:00",2506.35
ADANIENT,"2023-10-13 00:00:00",2454.55
ADANIENT,"2023-10-16 00:00:00",2429.35
ADANIENT,"2023-10-17 00:00:00",2428.4
ADANIENT,"2023-10-18 00:00:00",2406.35
ADANIENT,"2023-10-19 00:00:00",2402.2
ADANIENT,"2023-10-20 00:00:00",2393.75
ADANIENT,"2023-10-23 00:00:00",2308.65
ADANIENT,"2023-10-25 00:00:00",2257
ADANIENT,"2023-10-26 00:00:00",2203.2
ADANIENT,"2023-10-27 00:00:00",2261.7
ADANIENT,"2023-10-30 00:00:00",2299.1
ADANIENT,"2023-10-31 00:00:00",2294.65
ADANIENT,"2023-11-01 00:00:00",2217.3
ADANIENT,"2023-11-02 00:00:00",2215.3
ADANIENT,"2023-11-03 00:00:00",2229.85
ADANIENT,"2023-11-06 00:00:00",2246
ADANIENT,"2023-11-07 00:00:00",2233.35
ADANIENT,"2023-11-08 00:00:00",2259.95
ADANIENT,"2023-11-09 00:00:00",2214.65
ADANIENT,"2023-11-10 00:00:00",2205.1
ADANIENT,"2023-11-12 00:00:00",2211.35
ADANIENT,"2023-11-13 00:00:00",2213.65
ADANIENT,"2023-11-15 00:00:00",2225.4
ADANIENT,"2023-11-16 00:00:00",2205.9
ADANIENT,"2023-11-17 00:00:00",2208.8
ADANIENT,"2023-11-20 00:00:00",2149.85
ADANIENT,"2023-11-21 00:00:00",2196.65
ADANIENT,"2023-11-22 00:00:00",2172.65
ADANIENT,"2023-11-23 00:00:00",2175.25
ADANIENT,"2023-11-24 00:00:00",2225.45
ADANIENT,"2023-11-28 00:00:00",2423.5
ADANIENT,"2023-11-29 00:00:00",2396.6
ADANIENT,"2023-11-30 00:00:00",2358.55
ADANIENT,"2023-12-01 00:00:00",2362.7
ADANIENT,"2023-12-04 00:00:00",2531.2
ADANIENT,"2023-12-05 00:00:00",2959.35
ADANIENT,"2023-12-06 00:00:00",2883.95
ADANIENT,"2023-12-07 00:00:00",2887.15
ADANIENT,"2023-12-08 00:00:00",2822.15
ADANIENT,"2023-12-11 00:00:00",2855.8
ADANIENT,"2023-12-12 00:00:00",2857.65
ADANIENT,"2023-12-13 00:00:00",2875.05
ADANIENT,"2023-12-14 00:00:00",2894.05
ADANIENT,"2023-12-15 00:00:00",2991.8
ADANIENT,"2023-12-18 00:00:00",2980.6
ADANIENT,"2023-12-19 00:00:00",2941.25
ADANIENT,"2023-12-20 00:00:00",2783.85
ADANIENT,"2023-12-21 00:00:00",2799.75
ADANIENT,"2023-12-22 00:00:00",2808.35
ADANIENT,"2023-12-26 00:00:00",2865.45
ADANIENT,"2023-12-27 00:00:00",2843.35
ADANIENT,"2023-12-28 00:00:00",2809.9
ADANIENT,"2023-12-29 00:00:00",2848.95
ADANIENT,"2024-01-01 00:00:00",2917.2
ADANIENT,"2024-01-02 00:00:00",2932.4
ADANIENT,"2024-01-03 00:00:00",3003
ADANIENT,"2024-01-04 00:00:00",2998.3
ADANIENT,"2024-01-05 00:00:00",3006.6
ADANIENT,"2024-01-08 00:00:00",2963.5
ADANIENT,"2024-01-09 00:00:00",3014.6
ADANIENT,"2024-01-10 00:00:00",3098.2
ADANIENT,"2024-01-11 00:00:00",3080.9
ADANIENT,"2024-01-12 00:00:00",3104.1
ADANIENT,"2024-01-15 00:00:00",3089.5
ADANIENT,"2024-01-16 00:00:00",3056.5
ADANIENT,"2024-01-17 00:00:00",2971.05
ADANIENT,"2024-01-18 00:00:00",2918.9
ADANIENT,"2024-01-19 00:00:00",2915.65
ADANIENT,"2024-01-20 00:00:00",2987.9
ADANIENT,"2024-01-23 00:00:00",2896.55
ADANIENT,"2024-01-24 00:00:00",2903.45
ADANIENT,"2024-01-25 00:00:00",2893.6
ADANIENT,"2024-01-29 00:00:00",3064.65
ADANIENT,"2024-01-30 00:00:00",3091.1
ADANIENT,"2024-01-31 00:00:00",3142
ADANIENT,"2024-02-01 00:00:00",3153.5
ADANIENT,"2024-02-02 00:00:00",3157.45
ADANIENT,"2024-02-05 00:00:00",3173.45
ADANIENT,"2024-02-06 00:00:00",3203.75
ADANIENT,"2024-02-07 00:00:00",3229.85
ADANIENT,"2024-02-08 00:00:00",3168.6
ADANIENT,"2024-02-09 00:00:00",3215.2
ADANIENT,"2024-02-12 00:00:00",3169.75
ADANIENT,"2024-02-13 00:00:00",3178.45
ADANIENT,"2024-02-14 00:00:00",3207.2
ADANIENT,"2024-02-15 00:00:00",3193.8
ADANIENT,"2024-02-16 00:00:00",3223.6
ADANIENT,"2024-02-19 00:00:00",3258.8
ADANIENT,"2024-02-20 00:00:00",3228.6
ADANIENT,"2024-02-21 00:00:00",3223.2
ADANIENT,"2024-02-22 00:00:00",3263.05
ADANIENT,"2024-02-23 00:00:00",3273.3
ADANIENT,"2024-02-26 00:00:00",3327.75
ADANIENT,"2024-02-27 00:00:00",3302.3
ADANIENT,"2024-02-28 00:00:00",3219
ADANIENT,"2024-02-29 00:00:00",3285.4
ADANIENT,"2024-03-01 00:00:00",3318.75
ADANIENT,"2024-03-02 00:00:00",3333.25
ADANIENT,"2024-03-04 00:00:00",3317.15
ADANIENT,"2024-03-05 00:00:00",3310.2
ADANIENT,"2024-03-06 00:00:00",3233.95
ADANIENT,"2024-03-07 00:00:00",3226.55
ADANIENT,"2024-03-11 00:00:00",3207.35
ADANIENT,"2024-03-12 00:00:00",3122.5
ADANIENT,"2024-03-13 00:00:00",2906.2
ADANIENT,"2024-03-14 00:00:00",3087.45
ADANIENT,"2024-03-15 00:00:00",3132.2
ADANIENT,"2024-03-18 00:00:00",3111.75
ADANIENT,"2024-03-19 00:00:00",3052.7
ADANIENT,"2024-03-20 00:00:00",3051.45
ADANIENT,"2024-03-21 00:00:00",3066.5
ADANIENT,"2024-03-22 00:00:00",3107.7
ADANIENT,"2024-03-26 00:00:00",3109.95
ADANIENT,"2024-03-27 00:00:00",3122.1
ADANIENT,"2024-03-28 00:00:00",3197.1
ADANIENT,"2024-04-01 00:00:00",3252.1
ADANIENT,"2024-04-02 00:00:00",3268.75
ADANIENT,"2024-04-03 00:00:00",3233.45
ADANIENT,"2024-04-04 00:00:00",3210.8
ADANIENT,"2024-04-05 00:00:00",3224.8
ADANIENT,"2024-04-08 00:00:00",3224.55
ADANIENT,"2024-04-09 00:00:00",3198.45
ADANIENT,"2024-04-10 00:00:00",3242
ADANIENT,"2024-04-12 00:00:00",3209.9
ADANIENT,"2024-04-15 00:00:00",3147.45
ADANIENT,"2024-04-16 00:00:00",3106.4
ADANIENT,"2024-04-18 00:00:00",3019.3
ADANIENT,"2024-04-19 00:00:00",3026.95
ADANIENT,"2024-04-22 00:00:00",3063.35
ADANIENT,"2024-04-23 00:00:00",3065.1
ADANIENT,"2024-04-24 00:00:00",3043.55
ADANIENT,"2024-04-25 00:00:00",3115.25
ADANIENT,"2024-04-26 00:00:00",3080.4
ADANIENT,"2024-04-29 00:00:00",3081.2
ADANIENT,"2024-04-30 00:00:00",3054.7
ADANIENT,"2024-05-02 00:00:00",3039.6
ADANIENT,"2024-05-03 00:00:00",2993.25
ADANIENT,"2024-05-06 00:00:00",2874.65
ADANIENT,"2024-05-07 00:00:00",2835.95
ADANIENT,"2024-05-08 00:00:00",2860.55
ADANIENT,"2024-05-09 00:00:00",2766.65
ADANIENT,"2024-05-10 00:00:00",2797.25
ADANIENT,"2024-05-13 00:00:00",2879.6
ADANIENT,"2024-05-14 00:00:00",3037.55
ADANIENT,"2024-05-15 00:00:00",3049.75
ADANIENT,"2024-05-16 00:00:00",3041.65
ADANIENT,"2024-05-17 00:00:00",3060.5
ADANIENT,"2024-05-18 00:00:00",3059.75
ADANIENT,"2024-05-21 00:00:00",3117.5
ADANIENT,"2024-05-22 00:00:00",3140.95
ADANIENT,"2024-05-23 00:00:00",3387.3
ADANIENT,"2024-05-24 00:00:00",3384.95
ADANIENT,"2024-05-27 00:00:00",3289.05
ADANIENT,"2024-05-28 00:00:00",3244.05
ADANIENT,"2024-05-29 00:00:00",3258.8
ADANIENT,"2024-05-30 00:00:00",3194.25
ADANIENT,"2024-05-31 00:00:00",3411.35
ADANIENT,"2024-06-03 00:00:00",3645.25
ADANIENT,"2024-06-04 00:00:00",2941.25
ADANIENT,"2024-06-05 00:00:00",3115.35
ADANIENT,"2024-06-06 00:00:00",3185.65
ADANIENT,"2024-06-07 00:00:00",3219.55
ADANIENT,"2024-06-10 00:00:00",3220.1
ADANIENT,"2024-06-11 00:00:00",3221.25
ADANIENT,"2024-06-12 00:00:00",3219.05
ADANIENT,"2024-06-13 00:00:00",3224.8
ADANIENT,"2024-06-14 00:00:00",3261.75
ADANIENT,"2024-06-18 00:00:00",3309.05
ADANIENT,"2024-06-19 00:00:00",3261.9
ADANIENT,"2024-06-20 00:00:00",3259.45
ADANIENT,"2024-06-21 00:00:00",3189.3
ADANIENT,"2024-06-24 00:00:00",3194.6
ADANIENT,"2024-06-25 00:00:00",3171.1
ADANIENT,"2024-06-26 00:00:00",3170.5
ADANIENT,"2024-06-27 00:00:00",3175.15
ADANIENT,"2024-06-28 00:00:00",3177.15
ADANIENT,"2024-07-01 00:00:00",3183.8
ADANIENT,"2024-07-02 00:00:00",3153.2
ADANIENT,"2024-07-03 00:00:00",3190.95
ADANIENT,"2024-07-04 00:00:00",3144.25
ADANIENT,"2024-07-05 00:00:00",3147.9
ADANIENT,"2024-07-08 00:00:00",3113.6
ADANIENT,"2024-07-09 00:00:00",3110.75
ADANIENT,"2024-07-10 00:00:00",3096
ADANIENT,"2024-07-11 00:00:00",3078.3
ADANIENT,"2024-07-12 00:00:00",3065.45
ADANIENT,"2024-07-15 00:00:00",3090.4
ADANIENT,"2024-07-16 00:00:00",3109.3
ADANIENT,"2024-07-18 00:00:00",3092.2
ADANIENT,"2024-07-19 00:00:00",3005.7
ADANIENT,"2024-07-22 00:00:00",3000.85
ADANIENT,"2024-07-23 00:00:00",2995.35
ADANIENT,"2024-07-24 00:00:00",2970.7
ADANIENT,"2024-07-25 00:00:00",2973.5
ADANIENT,"2024-07-26 00:00:00",3080.5
ADANIENT,"2024-07-29 00:00:00",3089.35
ADANIENT,"2024-07-30 00:00:00",3128.75
ADANIENT,"2024-07-31 00:00:00",3169.4
ADANIENT,"2024-08-01 00:00:00",3217.25
ADANIENT,"2024-08-02 00:00:00",3160.9
ADANIENT,"2024-08-05 00:00:00",3038.2
ADANIENT,"2024-08-06 00:00:00",3072.7
ADANIENT,"2024-08-07 00:00:00",3185.95
ADANIENT,"2024-08-08 00:00:00",3167.55
ADANIENT,"2024-08-09 00:00:00",3187.55
ADANIENT,"2024-08-12 00:00:00",3151.75
ADANIENT,"2024-08-13 00:00:00",3092.2
ADANIENT,"2024-08-14 00:00:00",3040.1
ADANIENT,"2024-08-16 00:00:00",3108.8
ADANIENT,"2024-08-19 00:00:00",3102.55
ADANIENT,"2024-08-20 00:00:00",3070.65
ADANIENT,"2024-08-21 00:00:00",3115.7
ADANIENT,"2024-08-22 00:00:00",3099.05
ADANIENT,"2024-08-23 00:00:00",3076.35
ADANIENT,"2024-08-26 00:00:00",3069
ADANIENT,"2024-08-27 00:00:00",3067.1
ADANIENT,"2024-08-28 00:00:00",3028
ADANIENT,"2024-08-29 00:00:00",3020.15
ADANIENT,"2024-08-30 00:00:00",3019.35
ADANIENT,"2024-09-02 00:00:00",3042.15
ADANIENT,"2024-09-03 00:00:00",3036.1
ADANIENT,"2024-09-04 00:00:00",3012.35
ADANIENT,"2024-09-05 00:00:00",3015.35
ADANIENT,"2024-09-06 00:00:00",2975.45
ADANIENT,"2024-09-09 00:00:00",2964.15
ADANIENT,"2024-09-10 00:00:00",2986.4
ADANIENT,"2024-09-11 00:00:00",2937.85
ADANIENT,"2024-09-12 00:00:00",2991
ADANIENT,"2024-09-13 00:00:00",2968.35
ADANIENT,"2024-09-16 00:00:00",2984.9
ADANIENT,"2024-09-17 00:00:00",2975.2
ADANIENT,"2024-09-18 00:00:00",2956.3
ADANIENT,"2024-09-19 00:00:00",2943.15
ADANIENT,"2024-09-20 00:00:00",3008.5
ADANIENT,"2024-09-23 00:00:00",3043.95
ADANIENT,"2024-09-24 00:00:00",3093.9
ADANIENT,"2024-09-25 00:00:00",3105.1
ADANIENT,"2024-09-26 00:00:00",3122.65
ADANIENT,"2024-09-27 00:00:00",3130.3
ADANIENT,"2024-09-30 00:00:00",3135.85
ADANIENT,"2024-10-01 00:00:00",3186.1
ADANIENT,"2024-10-03 00:00:00",3116
ADANIENT,"2024-10-04 00:00:00",3110.65
ADANIENT,"2024-10-07 00:00:00",3018
ADANIENT,"2024-10-08 00:00:00",3160.7
ADANIENT,"2024-10-09 00:00:00",3153.75
ADANIENT,"2024-10-10 00:00:00",3174.2
ADANIENT,"2024-10-11 00:00:00",3137.2
ADANIENT,"2024-10-14 00:00:00",3101.1
ADANIENT,"2024-10-15 00:00:00",3104.7
ADANIENT,"2024-10-16 00:00:00",3085.9
ADANIENT,"2024-10-17 00:00:00",3013.75
ADANIENT,"2024-10-18 00:00:00",3002
ADANIENT,"2024-10-21 00:00:00",2937.65
ADANIENT,"2024-10-22 00:00:00",2823.8
ADANIENT,"2024-10-23 00:00:00",2835.55
ADANIENT,"2024-10-24 00:00:00",2830.2
ADANIENT,"2024-10-25 00:00:00",2693.45
ADANIENT,"2024-10-28 00:00:00",2798.65
ADANIENT,"2024-10-29 00:00:00",2848.6
ADANIENT,"2024-10-30 00:00:00",2969.3
ADANIENT,"2024-10-31 00:00:00",2947.25
ADANIENT,"2024-11-01 00:00:00",2949.5
ADANIENT,"2024-11-04 00:00:00",2897.4
ADANIENT,"2024-11-05 00:00:00",2915.55
ADANIENT,"2024-11-06 00:00:00",3046.25
ADANIENT,"2024-11-07 00:00:00",2970.1
ADANIENT,"2024-11-08 00:00:00",2929.1
ADANIENT,"2024-11-11 00:00:00",2903.65
ADANIENT,"2024-11-12 00:00:00",2870
ADANIENT,"2024-11-13 00:00:00",2816.7
ADANIENT,"2024-11-14 00:00:00",2826.8
ADANIENT,"2024-11-18 00:00:00",2818.7
ADANIENT,"2024-11-19 00:00:00",2821.5
ADANIENT,"2024-11-21 00:00:00",2183.65
ADANIENT,"2024-11-22 00:00:00",2228
ADANIPORTS,"2023-10-03 00:00:00",831.4
ADANIPORTS,"2023-10-04 00:00:00",824.6
ADANIPORTS,"2023-10-05 00:00:00",825.2
ADANIPORTS,"2023-10-06 00:00:00",830.75
ADANIPORTS,"2023-10-09 00:00:00",790.05
ADANIPORTS,"2023-10-10 00:00:00",819.5
ADANIPORTS,"2023-10-11 00:00:00",814.85
ADANIPORTS,"2023-10-12 00:00:00",814.95
ADANIPORTS,"2023-10-13 00:00:00",813.75
ADANIPORTS,"2023-10-16 00:00:00",805.65
ADANIPORTS,"2023-10-17 00:00:00",805.1
ADANIPORTS,"2023-10-18 00:00:00",798.6
ADANIPORTS,"2023-10-19 00:00:00",792.85
ADANIPORTS,"2023-10-20 00:00:00",793.65
ADANIPORTS,"2023-10-23 00:00:00",771.45
ADANIPORTS,"2023-10-25 00:00:00",769.1
ADANIPORTS,"2023-10-26 00:00:00",770.35
ADANIPORTS,"2023-10-27 00:00:00",782.4
ADANIPORTS,"2023-10-30 00:00:00",785
ADANIPORTS,"2023-10-31 00:00:00",784.75
ADANIPORTS,"2023-11-01 00:00:00",769.1
ADANIPORTS,"2023-11-02 00:00:00",774.3
ADANIPORTS,"2023-11-03 00:00:00",795.4
ADANIPORTS,"2023-11-06 00:00:00",802.5
ADANIPORTS,"2023-11-07 00:00:00",797.55
ADANIPORTS,"2023-11-08 00:00:00",818.7
ADANIPORTS,"2023-11-09 00:00:00",806.2
ADANIPORTS,"2023-11-10 00:00:00",808.6
ADANIPORTS,"2023-11-12 00:00:00",812.25
ADANIPORTS,"2023-11-13 00:00:00",809.85
ADANIPORTS,"2023-11-15 00:00:00",810.75
ADANIPORTS,"2023-11-16 00:00:00",813.6
ADANIPORTS,"2023-11-17 00:00:00",810.05
ADANIPORTS,"2023-11-20 00:00:00",803.6
ADANIPORTS,"2023-11-21 00:00:00",801.35
ADANIPORTS,"2023-11-22 00:00:00",791.9
ADANIPORTS,"2023-11-23 00:00:00",793.1
ADANIPORTS,"2023-11-24 00:00:00",795.55
ADANIPORTS,"2023-11-28 00:00:00",837.7
ADANIPORTS,"2023-11-29 00:00:00",835.55
ADANIPORTS,"2023-11-30 00:00:00",825.5
ADANIPORTS,"2023-12-01 00:00:00",827.8
ADANIPORTS,"2023-12-04 00:00:00",878.65
ADANIPORTS,"2023-12-05 00:00:00",1013.1
ADANIPORTS,"2023-12-06 00:00:00",1017.95
ADANIPORTS,"2023-12-07 00:00:00",1039.65
ADANIPORTS,"2023-12-08 00:00:00",1022.95
ADANIPORTS,"2023-12-11 00:00:00",1031.9
ADANIPORTS,"2023-12-12 00:00:00",1041.95
ADANIPORTS,"2023-12-13 00:00:00",1063.5
ADANIPORTS,"2023-12-14 00:00:00",1074.7
ADANIPORTS,"2023-12-15 00:00:00",1078.55
ADANIPORTS,"2023-12-18 00:00:00",1094.3
ADANIPORTS,"2023-12-19 00:00:00",1074
ADANIPORTS,"2023-12-20 00:00:00",1012.15
ADANIPORTS,"2023-12-21 00:00:00",1018.95
ADANIPORTS,"2023-12-22 00:00:00",1027.5
ADANIPORTS,"2023-12-26 00:00:00",1028.75
ADANIPORTS,"2023-12-27 00:00:00",1024.4
ADANIPORTS,"2023-12-28 00:00:00",1016.95
ADANIPORTS,"2023-12-29 00:00:00",1024.35
ADANIPORTS,"2024-01-01 00:00:00",1047.85
ADANIPORTS,"2024-01-02 00:00:00",1078.4
ADANIPORTS,"2024-01-03 00:00:00",1094.25
ADANIPORTS,"2024-01-04 00:00:00",1123.2
ADANIPORTS,"2024-01-05 00:00:00",1154.25
ADANIPORTS,"2024-01-08 00:00:00",1168.85
ADANIPORTS,"2024-01-09 00:00:00",1197.1
ADANIPORTS,"2024-01-10 00:00:00",1214.35
ADANIPORTS,"2024-01-11 00:00:00",1202.95
ADANIPORTS,"2024-01-12 00:00:00",1207.1
ADANIPORTS,"2024-01-15 00:00:00",1203.1
ADANIPORTS,"2024-01-16 00:00:00",1193.35
ADANIPORTS,"2024-01-17 00:00:00",1166.85
ADANIPORTS,"2024-01-18 00:00:00",1154.05
ADANIPORTS,"2024-01-19 00:00:00",1152.45
ADANIPORTS,"2024-01-20 00:00:00",1193
ADANIPORTS,"2024-01-23 00:00:00",1137.1
ADANIPORTS,"2024-01-24 00:00:00",1120.6
ADANIPORTS,"2024-01-25 00:00:00",1146.3
ADANIPORTS,"2024-01-29 00:00:00",1196.65
ADANIPORTS,"2024-01-30 00:00:00",1187.35
ADANIPORTS,"2024-01-31 00:00:00",1207.65
ADANIPORTS,"2024-02-01 00:00:00",1218.85
ADANIPORTS,"2024-02-02 00:00:00",1261.45
ADANIPORTS,"2024-02-05 00:00:00",1258.55
ADANIPORTS,"2024-02-06 00:00:00",1273.1
ADANIPORTS,"2024-02-07 00:00:00",1255.65
ADANIPORTS,"2024-02-08 00:00:00",1245.2
ADANIPORTS,"2024-02-09 00:00:00",1271.5
ADANIPORTS,"2024-02-12 00:00:00",1249.35
ADANIPORTS,"2024-02-13 00:00:00",1264.8
ADANIPORTS,"2024-02-14 00:00:00",1267.85
ADANIPORTS,"2024-02-15 00:00:00",1267.05
ADANIPORTS,"2024-02-16 00:00:00",1306.85
ADANIPORTS,"2024-02-19 00:00:00",1307
ADANIPORTS,"2024-02-20 00:00:00",1300.5
ADANIPORTS,"2024-02-21 00:00:00",1291
ADANIPORTS,"2024-02-22 00:00:00",1310.95
ADANIPORTS,"2024-02-23 00:00:00",1320.7
ADANIPORTS,"2024-02-26 00:00:00",1338.15
ADANIPORTS,"2024-02-27 00:00:00",1329.45
ADANIPORTS,"2024-02-28 00:00:00",1299.5
ADANIPORTS,"2024-02-29 00:00:00",1320.5
ADANIPORTS,"2024-03-01 00:00:00",1322.1
ADANIPORTS,"2024-03-02 00:00:00",1338.3
ADANIPORTS,"2024-03-04 00:00:00",1342.6
ADANIPORTS,"2024-03-05 00:00:00",1338.3
ADANIPORTS,"2024-03-06 00:00:00",1324.8
ADANIPORTS,"2024-03-07 00:00:00",1325.45
ADANIPORTS,"2024-03-11 00:00:00",1326.95
ADANIPORTS,"2024-03-12 00:00:00",1301.3
ADANIPORTS,"2024-03-13 00:00:00",1209.55
ADANIPORTS,"2024-03-14 00:00:00",1267.85
ADANIPORTS,"2024-03-15 00:00:00",1283
ADANIPORTS,"2024-03-18 00:00:00",1266.6
ADANIPORTS,"2024-03-19 00:00:00",1241.2
ADANIPORTS,"2024-03-20 00:00:00",1245.4
ADANIPORTS,"2024-03-21 00:00:00",1262.45
ADANIPORTS,"2024-03-22 00:00:00",1281.6
ADANIPORTS,"2024-03-26 00:00:00",1304.2
ADANIPORTS,"2024-03-27 00:00:00",1322.8
ADANIPORTS,"2024-03-28 00:00:00",1341.85
ADANIPORTS,"2024-04-01 00:00:00",1375.9
ADANIPORTS,"2024-04-02 00:00:00",1404.15
ADANIPORTS,"2024-04-03 00:00:00",1397.2
ADANIPORTS,"2024-04-04 00:00:00",1366.85
ADANIPORTS,"2024-04-05 00:00:00",1375.55
ADANIPORTS,"2024-04-08 00:00:00",1348.65
ADANIPORTS,"2024-04-09 00:00:00",1356.5
ADANIPORTS,"2024-04-10 00:00:00",1352.3
ADANIPORTS,"2024-04-12 00:00:00",1344.2
ADANIPORTS,"2024-04-15 00:00:00",1315.55
ADANIPORTS,"2024-04-16 00:00:00",1304.35
ADANIPORTS,"2024-04-18 00:00:00",1295.55
ADANIPORTS,"2024-04-19 00:00:00",1310
ADANIPORTS,"2024-04-22 00:00:00",1321.1
ADANIPORTS,"2024-04-23 00:00:00",1322.1
ADANIPORTS,"2024-04-24 00:00:00",1320.5
ADANIPORTS,"2024-04-25 00:00:00",1330.55
ADANIPORTS,"2024-04-26 00:00:00",1324.6
ADANIPORTS,"2024-04-29 00:00:00",1317.25
ADANIPORTS,"2024-04-30 00:00:00",1324.9
ADANIPORTS,"2024-05-02 00:00:00",1338.8
ADANIPORTS,"2024-05-03 00:00:00",1320.3
ADANIPORTS,"2024-05-06 00:00:00",1289.95
ADANIPORTS,"2024-05-07 00:00:00",1287.65
ADANIPORTS,"2024-05-08 00:00:00",1277.25
ADANIPORTS,"2024-05-09 00:00:00",1244.55
ADANIPORTS,"2024-05-10 00:00:00",1266.75
ADANIPORTS,"2024-05-13 00:00:00",1306.4
ADANIPORTS,"2024-05-14 00:00:00",1331.25
ADANIPORTS,"2024-05-15 00:00:00",1337.85
ADANIPORTS,"2024-05-16 00:00:00",1345.05
ADANIPORTS,"2024-05-17 00:00:00",1335.7
ADANIPORTS,"2024-05-18 00:00:00",1340.2
ADANIPORTS,"2024-05-21 00:00:00",1385.5
ADANIPORTS,"2024-05-22 00:00:00",1378.2
ADANIPORTS,"2024-05-23 00:00:00",1443.35
ADANIPORTS,"2024-05-24 00:00:00",1416.1
ADANIPORTS,"2024-05-27 00:00:00",1431.65
ADANIPORTS,"2024-05-28 00:00:00",1400.5
ADANIPORTS,"2024-05-29 00:00:00",1410
ADANIPORTS,"2024-05-30 00:00:00",1383.5
ADANIPORTS,"2024-05-31 00:00:00",1437.4
ADANIPORTS,"2024-06-03 00:00:00",1583.95
ADANIPORTS,"2024-06-04 00:00:00",1248.95
ADANIPORTS,"2024-06-05 00:00:00",1354.6
ADANIPORTS,"2024-06-06 00:00:00",1352.95
ADANIPORTS,"2024-06-07 00:00:00",1378.85
ADANIPORTS,"2024-06-10 00:00:00",1384.05
ADANIPORTS,"2024-06-11 00:00:00",1403.45
ADANIPORTS,"2024-06-12 00:00:00",1393.95
ADANIPORTS,"2024-06-13 00:00:00",1404.45
ADANIPORTS,"2024-06-14 00:00:00",1430.7
ADANIPORTS,"2024-06-18 00:00:00",1445
ADANIPORTS,"2024-06-19 00:00:00",1448.4
ADANIPORTS,"2024-06-20 00:00:00",1469.4
ADANIPORTS,"2024-06-21 00:00:00",1485.5
ADANIPORTS,"2024-06-24 00:00:00",1460.25
ADANIPORTS,"2024-06-25 00:00:00",1456.15
ADANIPORTS,"2024-06-26 00:00:00",1467.8
ADANIPORTS,"2024-06-27 00:00:00",1485.5
ADANIPORTS,"2024-06-28 00:00:00",1478.1
ADANIPORTS,"2024-07-01 00:00:00",1474.5
ADANIPORTS,"2024-07-02 00:00:00",1474.85
ADANIPORTS,"2024-07-03 00:00:00",1510.65
ADANIPORTS,"2024-07-04 00:00:00",1503.65
ADANIPORTS,"2024-07-05 00:00:00",1500.45
ADANIPORTS,"2024-07-08 00:00:00",1475.3
ADANIPORTS,"2024-07-09 00:00:00",1478
ADANIPORTS,"2024-07-10 00:00:00",1487.8
ADANIPORTS,"2024-07-11 00:00:00",1483.85
ADANIPORTS,"2024-07-12 00:00:00",1486.7
ADANIPORTS,"2024-07-15 00:00:00",1495.05
ADANIPORTS,"2024-07-16 00:00:00",1499.05
ADANIPORTS,"2024-07-18 00:00:00",1493.9
ADANIPORTS,"2024-07-19 00:00:00",1469.3
ADANIPORTS,"2024-07-22 00:00:00",1467.35
ADANIPORTS,"2024-07-23 00:00:00",1507.35
ADANIPORTS,"2024-07-24 00:00:00",1484.8
ADANIPORTS,"2024-07-25 00:00:00",1487
ADANIPORTS,"2024-07-26 00:00:00",1542.75
ADANIPORTS,"2024-07-29 00:00:00",1548.7
ADANIPORTS,"2024-07-30 00:00:00",1546.25
ADANIPORTS,"2024-07-31 00:00:00",1569.9
ADANIPORTS,"2024-08-01 00:00:00",1590.15
ADANIPORTS,"2024-08-02 00:00:00",1588
ADANIPORTS,"2024-08-05 00:00:00",1493.85
ADANIPORTS,"2024-08-06 00:00:00",1494.1
ADANIPORTS,"2024-08-07 00:00:00",1543.8
ADANIPORTS,"2024-08-08 00:00:00",1519
ADANIPORTS,"2024-08-09 00:00:00",1533.8
ADANIPORTS,"2024-08-12 00:00:00",1501.4
ADANIPORTS,"2024-08-13 00:00:00",1483.45
ADANIPORTS,"2024-08-14 00:00:00",1461.95
ADANIPORTS,"2024-08-16 00:00:00",1493.45
ADANIPORTS,"2024-08-19 00:00:00",1496.45
ADANIPORTS,"2024-08-20 00:00:00",1492.55
ADANIPORTS,"2024-08-21 00:00:00",1503.5
ADANIPORTS,"2024-08-22 00:00:00",1492.3
ADANIPORTS,"2024-08-23 00:00:00",1491.3
ADANIPORTS,"2024-08-26 00:00:00",1482.55
ADANIPORTS,"2024-08-27 00:00:00",1478.35
ADANIPORTS,"2024-08-28 00:00:00",1469.8
ADANIPORTS,"2024-08-29 00:00:00",1476.05
ADANIPORTS,"2024-08-30 00:00:00",1481.9
ADANIPORTS,"2024-09-02 00:00:00",1494.5
ADANIPORTS,"2024-09-03 00:00:00",1479.55
ADANIPORTS,"2024-09-04 00:00:00",1472.1
ADANIPORTS,"2024-09-05 00:00:00",1465.55
ADANIPORTS,"2024-09-06 00:00:00",1442.4
ADANIPORTS,"2024-09-09 00:00:00",1435.9
ADANIPORTS,"2024-09-10 00:00:00",1453.4
ADANIPORTS,"2024-09-11 00:00:00",1430.6
ADANIPORTS,"2024-09-12 00:00:00",1472.6
ADANIPORTS,"2024-09-13 00:00:00",1452.1
ADANIPORTS,"2024-09-16 00:00:00",1440.7
ADANIPORTS,"2024-09-17 00:00:00",1426.6
ADANIPORTS,"2024-09-18 00:00:00",1428.8
ADANIPORTS,"2024-09-19 00:00:00",1408.2
ADANIPORTS,"2024-09-20 00:00:00",1438.7
ADANIPORTS,"2024-09-23 00:00:00",1456.15
ADANIPORTS,"2024-09-24 00:00:00",1456.65
ADANIPORTS,"2024-09-25 00:00:00",1452.55
ADANIPORTS,"2024-09-26 00:00:00",1472.6
ADANIPORTS,"2024-09-27 00:00:00",1456.7
ADANIPORTS,"2024-09-30 00:00:00",1448.2
ADANIPORTS,"2024-10-01 00:00:00",1467.5
ADANIPORTS,"2024-10-03 00:00:00",1425.2
ADANIPORTS,"2024-10-04 00:00:00",1413.7
ADANIPORTS,"2024-10-07 00:00:00",1355.2
ADANIPORTS,"2024-10-08 00:00:00",1418.55
ADANIPORTS,"2024-10-09 00:00:00",1408.15
ADANIPORTS,"2024-10-10 00:00:00",1417.2
ADANIPORTS,"2024-10-11 00:00:00",1408.25
ADANIPORTS,"2024-10-14 00:00:00",1410.3
ADANIPORTS,"2024-10-15 00:00:00",1420.3
ADANIPORTS,"2024-10-16 00:00:00",1403.8
ADANIPORTS,"2024-10-17 00:00:00",1394.7
ADANIPORTS,"2024-10-18 00:00:00",1405.6
ADANIPORTS,"2024-10-21 00:00:00",1375.5
ADANIPORTS,"2024-10-22 00:00:00",1362.85
ADANIPORTS,"2024-10-23 00:00:00",1340.45
ADANIPORTS,"2024-10-24 00:00:00",1354.4
ADANIPORTS,"2024-10-25 00:00:00",1318.7
ADANIPORTS,"2024-10-28 00:00:00",1352.2
ADANIPORTS,"2024-10-29 00:00:00",1372.7
ADANIPORTS,"2024-10-30 00:00:00",1396.2
ADANIPORTS,"2024-10-31 00:00:00",1375.95
ADANIPORTS,"2024-11-01 00:00:00",1394.4
ADANIPORTS,"2024-11-04 00:00:00",1349.25
ADANIPORTS,"2024-11-05 00:00:00",1329.35
ADANIPORTS,"2024-11-06 00:00:00",1370
ADANIPORTS,"2024-11-07 00:00:00",1353.1
ADANIPORTS,"2024-11-08 00:00:00",1362.1
ADANIPORTS,"2024-11-11 00:00:00",1347.9
ADANIPORTS,"2024-11-12 00:00:00",1326
ADANIPORTS,"2024-11-13 00:00:00",1287.9
ADANIPORTS,"2024-11-14 00:00:00",1264.55
ADANIPORTS,"2024-11-18 00:00:00",1279.3
ADANIPORTS,"2024-11-19 00:00:00",1289.65
ADANIPORTS,"2024-11-21 00:00:00",1114.65
ADANIPORTS,"2024-11-22 00:00:00",1136.75
APOLLOHOSP,"2023-10-03 00:00:00",5118.95
APOLLOHOSP,"2023-10-04 00:00:00",5047.4
APOLLOHOSP,"2023-10-05 00:00:00",5047.05
APOLLOHOSP,"2023-10-06 00:00:00",5060.25
APOLLOHOSP,"2023-10-09 00:00:00",5047.3
APOLLOHOSP,"2023-10-10 00:00:00",5066.7
APOLLOHOSP,"2023-10-11 00:00:00",5092.85
APOLLOHOSP,"2023-10-12 00:00:00",4993.85
APOLLOHOSP,"2023-10-13 00:00:00",5017.3
APOLLOHOSP,"2023-10-16 00:00:00",5021.7
APOLLOHOSP,"2023-10-17 00:00:00",5028.8
APOLLOHOSP,"2023-10-18 00:00:00",4977.25
APOLLOHOSP,"2023-10-19 00:00:00",4997.05
APOLLOHOSP,"2023-10-20 00:00:00",4977.55
APOLLOHOSP,"2023-10-23 00:00:00",4969.55
APOLLOHOSP,"2023-10-25 00:00:00",4859.9
APOLLOHOSP,"2023-10-26 00:00:00",4760.3
APOLLOHOSP,"2023-10-27 00:00:00",4830.2
APOLLOHOSP,"2023-10-30 00:00:00",4841.75
APOLLOHOSP,"2023-10-31 00:00:00",4819.9
APOLLOHOSP,"2023-11-01 00:00:00",4796.55
APOLLOHOSP,"2023-11-02 00:00:00",4887
APOLLOHOSP,"2023-11-03 00:00:00",5153.2
APOLLOHOSP,"2023-11-06 00:00:00",5164.95
APOLLOHOSP,"2023-11-07 00:00:00",5136.85
APOLLOHOSP,"2023-11-08 00:00:00",5110.95
APOLLOHOSP,"2023-11-09 00:00:00",5297.6
APOLLOHOSP,"2023-11-10 00:00:00",5278.5
APOLLOHOSP,"2023-11-12 00:00:00",5275.55
APOLLOHOSP,"2023-11-13 00:00:00",5220.65
APOLLOHOSP,"2023-11-15 00:00:00",5224.95
APOLLOHOSP,"2023-11-16 00:00:00",5338.75
APOLLOHOSP,"2023-11-17 00:00:00",5478.95
APOLLOHOSP,"2023-11-20 00:00:00",5473.95
APOLLOHOSP,"2023-11-21 00:00:00",5466.8
APOLLOHOSP,"2023-11-22 00:00:00",5532
APOLLOHOSP,"2023-11-23 00:00:00",5493.95
APOLLOHOSP,"2023-11-24 00:00:00",5401.3
APOLLOHOSP,"2023-11-28 00:00:00",5366.8
APOLLOHOSP,"2023-11-29 00:00:00",5421.95
APOLLOHOSP,"2023-11-30 00:00:00",5528.95
APOLLOHOSP,"2023-12-01 00:00:00",5591.15
APOLLOHOSP,"2023-12-04 00:00:00",5622.55
APOLLOHOSP,"2023-12-05 00:00:00",5580.2
APOLLOHOSP,"2023-12-06 00:00:00",5543.1
APOLLOHOSP,"2023-12-07 00:00:00",5461.4
APOLLOHOSP,"2023-12-08 00:00:00",5555.35
APOLLOHOSP,"2023-12-11 00:00:00",5547.35
APOLLOHOSP,"2023-12-12 00:00:00",5428.95
APOLLOHOSP,"2023-12-13 00:00:00",5426.75
APOLLOHOSP,"2023-12-14 00:00:00",5515.9
APOLLOHOSP,"2023-12-15 00:00:00",5551.2
APOLLOHOSP,"2023-12-18 00:00:00",5498.65
APOLLOHOSP,"2023-12-19 00:00:00",5555.5
APOLLOHOSP,"2023-12-20 00:00:00",5402.2
APOLLOHOSP,"2023-12-21 00:00:00",5475.85
APOLLOHOSP,"2023-12-22 00:00:00",5541.4
APOLLOHOSP,"2023-12-26 00:00:00",5633.15
APOLLOHOSP,"2023-12-27 00:00:00",5687.45
APOLLOHOSP,"2023-12-28 00:00:00",5760.5
APOLLOHOSP,"2023-12-29 00:00:00",5704.1
APOLLOHOSP,"2024-01-01 00:00:00",5750.05
APOLLOHOSP,"2024-01-02 00:00:00",5746.35
APOLLOHOSP,"2024-01-03 00:00:00",5768.3
APOLLOHOSP,"2024-01-04 00:00:00",5762.2
APOLLOHOSP,"2024-01-05 00:00:00",5754.25
APOLLOHOSP,"2024-01-08 00:00:00",5682
APOLLOHOSP,"2024-01-09 00:00:00",5797.65
APOLLOHOSP,"2024-01-10 00:00:00",5800.9
APOLLOHOSP,"2024-01-11 00:00:00",5869.9
APOLLOHOSP,"2024-01-12 00:00:00",5795.7
APOLLOHOSP,"2024-01-15 00:00:00",5896.4
APOLLOHOSP,"2024-01-16 00:00:00",5904.55
APOLLOHOSP,"2024-01-17 00:00:00",5925.9
APOLLOHOSP,"2024-01-18 00:00:00",5990.85
APOLLOHOSP,"2024-01-19 00:00:00",6094.65
APOLLOHOSP,"2024-01-20 00:00:00",6122.55
APOLLOHOSP,"2024-01-23 00:00:00",6153.75
APOLLOHOSP,"2024-01-24 00:00:00",6213.35
APOLLOHOSP,"2024-01-25 00:00:00",6168.85
APOLLOHOSP,"2024-01-29 00:00:00",6329.75
APOLLOHOSP,"2024-01-30 00:00:00",6309.8
APOLLOHOSP,"2024-01-31 00:00:00",6352.95
APOLLOHOSP,"2024-02-01 00:00:00",6287.95
APOLLOHOSP,"2024-02-02 00:00:00",6320.55
APOLLOHOSP,"2024-02-05 00:00:00",6234.5
APOLLOHOSP,"2024-02-06 00:00:00",6197.3
APOLLOHOSP,"2024-02-07 00:00:00",6177.95
APOLLOHOSP,"2024-02-08 00:00:00",6231
APOLLOHOSP,"2024-02-09 00:00:00",6437.35
APOLLOHOSP,"2024-02-12 00:00:00",6614.45
APOLLOHOSP,"2024-02-13 00:00:00",6718.9
APOLLOHOSP,"2024-02-14 00:00:00",6754.1
APOLLOHOSP,"2024-02-15 00:00:00",6627.6
APOLLOHOSP,"2024-02-16 00:00:00",6600.55
APOLLOHOSP,"2024-02-19 00:00:00",6657.15
APOLLOHOSP,"2024-02-20 00:00:00",6759.45
APOLLOHOSP,"2024-02-21 00:00:00",6760.15
APOLLOHOSP,"2024-02-22 00:00:00",6769.2
APOLLOHOSP,"2024-02-23 00:00:00",6774.05
APOLLOHOSP,"2024-02-26 00:00:00",6584
APOLLOHOSP,"2024-02-27 00:00:00",6620.6
APOLLOHOSP,"2024-02-28 00:00:00",6362.35
APOLLOHOSP,"2024-02-29 00:00:00",6101.6
APOLLOHOSP,"2024-03-01 00:00:00",6085.4
APOLLOHOSP,"2024-03-02 00:00:00",6133.3
APOLLOHOSP,"2024-03-04 00:00:00",6033.3
APOLLOHOSP,"2024-03-05 00:00:00",6061.1
APOLLOHOSP,"2024-03-06 00:00:00",6054.3
APOLLOHOSP,"2024-03-07 00:00:00",6048.8
APOLLOHOSP,"2024-03-11 00:00:00",6204.7
APOLLOHOSP,"2024-03-12 00:00:00",6144.8
APOLLOHOSP,"2024-03-13 00:00:00",6008.4
APOLLOHOSP,"2024-03-14 00:00:00",6023.15
APOLLOHOSP,"2024-03-15 00:00:00",5983.2
APOLLOHOSP,"2024-03-18 00:00:00",6136.55
APOLLOHOSP,"2024-03-19 00:00:00",6113.2
APOLLOHOSP,"2024-03-20 00:00:00",6174.05
APOLLOHOSP,"2024-03-21 00:00:00",6182.5
APOLLOHOSP,"2024-03-22 00:00:00",6375.9
APOLLOHOSP,"2024-03-26 00:00:00",6322.45
APOLLOHOSP,"2024-03-27 00:00:00",6231.45
APOLLOHOSP,"2024-03-28 00:00:00",6356.8
APOLLOHOSP,"2024-04-01 00:00:00",6457.25
APOLLOHOSP,"2024-04-02 00:00:00",6419.75
APOLLOHOSP,"2024-04-03 00:00:00",6375.05
APOLLOHOSP,"2024-04-04 00:00:00",6440.6
APOLLOHOSP,"2024-04-05 00:00:00",6397.75
APOLLOHOSP,"2024-04-08 00:00:00",6307.75
APOLLOHOSP,"2024-04-09 00:00:00",6505.05
APOLLOHOSP,"2024-04-10 00:00:00",6489.85
APOLLOHOSP,"2024-04-12 00:00:00",6406.55
APOLLOHOSP,"2024-04-15 00:00:00",6303.15
APOLLOHOSP,"2024-04-16 00:00:00",6334.75
APOLLOHOSP,"2024-04-18 00:00:00",6074.15
APOLLOHOSP,"2024-04-19 00:00:00",6169.55
APOLLOHOSP,"2024-04-22 00:00:00",6238.55
APOLLOHOSP,"2024-04-23 00:00:00",6194.9
APOLLOHOSP,"2024-04-24 00:00:00",6283.35
APOLLOHOSP,"2024-04-25 00:00:00",6384.1
APOLLOHOSP,"2024-04-26 00:00:00",6258.6
APOLLOHOSP,"2024-04-29 00:00:00",5968.35
APOLLOHOSP,"2024-04-30 00:00:00",5947.1
APOLLOHOSP,"2024-05-02 00:00:00",5958.55
APOLLOHOSP,"2024-05-03 00:00:00",6009.6
APOLLOHOSP,"2024-05-06 00:00:00",6056.7
APOLLOHOSP,"2024-05-07 00:00:00",5900.25
APOLLOHOSP,"2024-05-08 00:00:00",5846.5
APOLLOHOSP,"2024-05-09 00:00:00",5806.4
APOLLOHOSP,"2024-05-10 00:00:00",5842.45
APOLLOHOSP,"2024-05-13 00:00:00",5830.15
APOLLOHOSP,"2024-05-14 00:00:00",5862.8
APOLLOHOSP,"2024-05-15 00:00:00",5848.8
APOLLOHOSP,"2024-05-16 00:00:00",5931.7
APOLLOHOSP,"2024-05-17 00:00:00",5953.05
APOLLOHOSP,"2024-05-18 00:00:00",5953.95
APOLLOHOSP,"2024-05-21 00:00:00",5948.25
APOLLOHOSP,"2024-05-22 00:00:00",5868.15
APOLLOHOSP,"2024-05-23 00:00:00",5970.05
APOLLOHOSP,"2024-05-24 00:00:00",5914.35
APOLLOHOSP,"2024-05-27 00:00:00",5939.3
APOLLOHOSP,"2024-05-28 00:00:00",5904.5
APOLLOHOSP,"2024-05-29 00:00:00",5903.45
APOLLOHOSP,"2024-05-30 00:00:00",5766.45
APOLLOHOSP,"2024-05-31 00:00:00",5839.2
APOLLOHOSP,"2024-06-03 00:00:00",5851.2
APOLLOHOSP,"2024-06-04 00:00:00",5845.7
APOLLOHOSP,"2024-06-05 00:00:00",5934.65
APOLLOHOSP,"2024-06-06 00:00:00",5962
APOLLOHOSP,"2024-06-07 00:00:00",6014.55
APOLLOHOSP,"2024-06-10 00:00:00",6056.7
APOLLOHOSP,"2024-06-11 00:00:00",6107.95
APOLLOHOSP,"2024-06-12 00:00:00",6168.6
APOLLOHOSP,"2024-06-13 00:00:00",6206.2
APOLLOHOSP,"2024-06-14 00:00:00",6207.6
APOLLOHOSP,"2024-06-18 00:00:00",6236.35
APOLLOHOSP,"2024-06-19 00:00:00",6173.55
APOLLOHOSP,"2024-06-20 00:00:00",6175.85
APOLLOHOSP,"2024-06-21 00:00:00",6170
APOLLOHOSP,"2024-06-24 00:00:00",6259.55
APOLLOHOSP,"2024-06-25 00:00:00",6295.35
APOLLOHOSP,"2024-06-26 00:00:00",6136.8
APOLLOHOSP,"2024-06-27 00:00:00",6192.5
APOLLOHOSP,"2024-06-28 00:00:00",6185.7
APOLLOHOSP,"2024-07-01 00:00:00",6140.5
APOLLOHOSP,"2024-07-02 00:00:00",6097.6
APOLLOHOSP,"2024-07-03 00:00:00",6192.7
APOLLOHOSP,"2024-07-04 00:00:00",6225.05
APOLLOHOSP,"2024-07-05 00:00:00",6328.55
APOLLOHOSP,"2024-07-08 00:00:00",6317.45
APOLLOHOSP,"2024-07-09 00:00:00",6320.3
APOLLOHOSP,"2024-07-10 00:00:00",6375.7
APOLLOHOSP,"2024-07-11 00:00:00",6389.05
APOLLOHOSP,"2024-07-12 00:00:00",6353.9
APOLLOHOSP,"2024-07-15 00:00:00",6437.25
APOLLOHOSP,"2024-07-16 00:00:00",6453.7
APOLLOHOSP,"2024-07-18 00:00:00",6520.85
APOLLOHOSP,"2024-07-19 00:00:00",6381.95
APOLLOHOSP,"2024-07-22 00:00:00",6402.15
APOLLOHOSP,"2024-07-23 00:00:00",6403.6
APOLLOHOSP,"2024-07-24 00:00:00",6422.6
APOLLOHOSP,"2024-07-25 00:00:00",6385.8
APOLLOHOSP,"2024-07-26 00:00:00",6664.55
APOLLOHOSP,"2024-07-29 00:00:00",6681.65
APOLLOHOSP,"2024-07-30 00:00:00",6641
APOLLOHOSP,"2024-07-31 00:00:00",6615.3
APOLLOHOSP,"2024-08-01 00:00:00",6706.4
APOLLOHOSP,"2024-08-02 00:00:00",6710.15
APOLLOHOSP,"2024-08-05 00:00:00",6687.6
APOLLOHOSP,"2024-08-06 00:00:00",6657.7
APOLLOHOSP,"2024-08-07 00:00:00",6720.35
APOLLOHOSP,"2024-08-08 00:00:00",6541.9
APOLLOHOSP,"2024-08-09 00:00:00",6587.85
APOLLOHOSP,"2024-08-12 00:00:00",6502.4
APOLLOHOSP,"2024-08-13 00:00:00",6589.4
APOLLOHOSP,"2024-08-14 00:00:00",6515.85
APOLLOHOSP,"2024-08-16 00:00:00",6686.9
APOLLOHOSP,"2024-08-19 00:00:00",6724.9
APOLLOHOSP,"2024-08-20 00:00:00",6672.9
APOLLOHOSP,"2024-08-21 00:00:00",6752.45
APOLLOHOSP,"2024-08-22 00:00:00",6830.55
APOLLOHOSP,"2024-08-23 00:00:00",6860.7
APOLLOHOSP,"2024-08-26 00:00:00",6780
APOLLOHOSP,"2024-08-27 00:00:00",6781.45
APOLLOHOSP,"2024-08-28 00:00:00",6776.45
APOLLOHOSP,"2024-08-29 00:00:00",6857.2
APOLLOHOSP,"2024-08-30 00:00:00",6927.5
APOLLOHOSP,"2024-09-02 00:00:00",6880.05
APOLLOHOSP,"2024-09-03 00:00:00",6844.85
APOLLOHOSP,"2024-09-04 00:00:00",6930.9
APOLLOHOSP,"2024-09-05 00:00:00",6934.3
APOLLOHOSP,"2024-09-06 00:00:00",6906.8
APOLLOHOSP,"2024-09-09 00:00:00",6860.7
APOLLOHOSP,"2024-09-10 00:00:00",6921.55
APOLLOHOSP,"2024-09-11 00:00:00",6900.25
APOLLOHOSP,"2024-09-12 00:00:00",7061.8
APOLLOHOSP,"2024-09-13 00:00:00",7019.15
APOLLOHOSP,"2024-09-16 00:00:00",7031.35
APOLLOHOSP,"2024-09-17 00:00:00",7008.05
APOLLOHOSP,"2024-09-18 00:00:00",7035.9
APOLLOHOSP,"2024-09-19 00:00:00",7030.25
APOLLOHOSP,"2024-09-20 00:00:00",7082.65
APOLLOHOSP,"2024-09-23 00:00:00",7152.8
APOLLOHOSP,"2024-09-24 00:00:00",7122
APOLLOHOSP,"2024-09-25 00:00:00",7133.45
APOLLOHOSP,"2024-09-26 00:00:00",7167.85
APOLLOHOSP,"2024-09-27 00:00:00",7234
APOLLOHOSP,"2024-09-30 00:00:00",7199.15
APOLLOHOSP,"2024-10-01 00:00:00",7153.35
APOLLOHOSP,"2024-10-03 00:00:00",6905.95
APOLLOHOSP,"2024-10-04 00:00:00",6773.6
APOLLOHOSP,"2024-10-07 00:00:00",6773.15
APOLLOHOSP,"2024-10-08 00:00:00",6924.3
APOLLOHOSP,"2024-10-09 00:00:00",7008.9
APOLLOHOSP,"2024-10-10 00:00:00",6955.05
APOLLOHOSP,"2024-10-11 00:00:00",6983.4
APOLLOHOSP,"2024-10-14 00:00:00",7092.6
APOLLOHOSP,"2024-10-15 00:00:00",7140.15
APOLLOHOSP,"2024-10-16 00:00:00",7071.3
APOLLOHOSP,"2024-10-17 00:00:00",6989.3
APOLLOHOSP,"2024-10-18 00:00:00",6982.9
APOLLOHOSP,"2024-10-21 00:00:00",6986.4
APOLLOHOSP,"2024-10-22 00:00:00",6891.95
APOLLOHOSP,"2024-10-23 00:00:00",6906.75
APOLLOHOSP,"2024-10-24 00:00:00",6954.15
APOLLOHOSP,"2024-10-25 00:00:00",6944.85
APOLLOHOSP,"2024-10-28 00:00:00",6926.3
APOLLOHOSP,"2024-10-29 00:00:00",6987.45
APOLLOHOSP,"2024-10-30 00:00:00",6982.5
APOLLOHOSP,"2024-10-31 00:00:00",7022.7
APOLLOHOSP,"2024-11-01 00:00:00",7031.95
APOLLOHOSP,"2024-11-04 00:00:00",6958.4
APOLLOHOSP,"2024-11-05 00:00:00",6966.3
APOLLOHOSP,"2024-11-06 00:00:00",6968.1
APOLLOHOSP,"2024-11-07 00:00:00",7424.85
APOLLOHOSP,"2024-11-08 00:00:00",7421.4
APOLLOHOSP,"2024-11-11 00:00:00",7155.45
APOLLOHOSP,"2024-11-12 00:00:00",7019.55
APOLLOHOSP,"2024-11-13 00:00:00",6858.85
APOLLOHOSP,"2024-11-14 00:00:00",6860.65
APOLLOHOSP,"2024-11-18 00:00:00",6741.9
APOLLOHOSP,"2024-11-19 00:00:00",6686.9
APOLLOHOSP,"2024-11-21 00:00:00",6742.5
APOLLOHOSP,"2024-11-22 00:00:00",6935.1
ASIANPAINT,"2023-10-03 00:00:00",3166.85
ASIANPAINT,"2023-10-04 00:00:00",3169.9
ASIANPAINT,"2023-10-05 00:00:00",3206.25
ASIANPAINT,"2023-10-06 00:00:00",3195.75
ASIANPAINT,"2023-10-09 00:00:00",3152.8
ASIANPAINT,"2023-10-10 00:00:00",3151.5
ASIANPAINT,"2023-10-11 00:00:00",3163.9
ASIANPAINT,"2023-10-12 00:00:00",3159.1
ASIANPAINT,"2023-10-13 00:00:00",3148.8
ASIANPAINT,"2023-10-16 00:00:00",3112.05
ASIANPAINT,"2023-10-17 00:00:00",3113.55
ASIANPAINT,"2023-10-18 00:00:00",3096.45
ASIANPAINT,"2023-10-19 00:00:00",3101.8
ASIANPAINT,"2023-10-20 00:00:00",3105.85
ASIANPAINT,"2023-10-23 00:00:00",3072
ASIANPAINT,"2023-10-25 00:00:00",3060.8
ASIANPAINT,"2023-10-26 00:00:00",2960.3
ASIANPAINT,"2023-10-27 00:00:00",2955.15
ASIANPAINT,"2023-10-30 00:00:00",2967.1
ASIANPAINT,"2023-10-31 00:00:00",2995.7
ASIANPAINT,"2023-11-01 00:00:00",2934.55
ASIANPAINT,"2023-11-02 00:00:00",2955.4
ASIANPAINT,"2023-11-03 00:00:00",2977.85
ASIANPAINT,"2023-11-06 00:00:00",3029.3
ASIANPAINT,"2023-11-07 00:00:00",3033.35
ASIANPAINT,"2023-11-08 00:00:00",3095.25
ASIANPAINT,"2023-11-09 00:00:00",3080.2
ASIANPAINT,"2023-11-10 00:00:00",3076.45
ASIANPAINT,"2023-11-12 00:00:00",3098.15
ASIANPAINT,"2023-11-13 00:00:00",3085.6
ASIANPAINT,"2023-11-15 00:00:00",3116.2
ASIANPAINT,"2023-11-16 00:00:00",3130.3
ASIANPAINT,"2023-11-17 00:00:00",3168.9
ASIANPAINT,"2023-11-20 00:00:00",3140.35
ASIANPAINT,"2023-11-21 00:00:00",3133.25
ASIANPAINT,"2023-11-22 00:00:00",3133
ASIANPAINT,"2023-11-23 00:00:00",3122.95
ASIANPAINT,"2023-11-24 00:00:00",3136.15
ASIANPAINT,"2023-11-28 00:00:00",3148.35
ASIANPAINT,"2023-11-29 00:00:00",3148.35
ASIANPAINT,"2023-11-30 00:00:00",3119.9
ASIANPAINT,"2023-12-01 00:00:00",3173.4
ASIANPAINT,"2023-12-04 00:00:00",3194.55
ASIANPAINT,"2023-12-05 00:00:00",3226.25
ASIANPAINT,"2023-12-06 00:00:00",3252.55
ASIANPAINT,"2023-12-07 00:00:00",3251.8
ASIANPAINT,"2023-12-08 00:00:00",3232
ASIANPAINT,"2023-12-11 00:00:00",3233
ASIANPAINT,"2023-12-12 00:00:00",3224.75
ASIANPAINT,"2023-12-13 00:00:00",3243.65
ASIANPAINT,"2023-12-14 00:00:00",3241.35
ASIANPAINT,"2023-12-15 00:00:00",3313.9
ASIANPAINT,"2023-12-18 00:00:00",3332.05
ASIANPAINT,"2023-12-19 00:00:00",3336.05
ASIANPAINT,"2023-12-20 00:00:00",3297.15
ASIANPAINT,"2023-12-21 00:00:00",3302.95
ASIANPAINT,"2023-12-22 00:00:00",3341.3
ASIANPAINT,"2023-12-26 00:00:00",3383.35
ASIANPAINT,"2023-12-27 00:00:00",3404.45
ASIANPAINT,"2023-12-28 00:00:00",3397.25
ASIANPAINT,"2023-12-29 00:00:00",3402.4
ASIANPAINT,"2024-01-01 00:00:00",3396.1
ASIANPAINT,"2024-01-02 00:00:00",3391.35
ASIANPAINT,"2024-01-03 00:00:00",3373.6
ASIANPAINT,"2024-01-04 00:00:00",3379.95
ASIANPAINT,"2024-01-05 00:00:00",3355.55
ASIANPAINT,"2024-01-08 00:00:00",3298.4
ASIANPAINT,"2024-01-09 00:00:00",3267.5
ASIANPAINT,"2024-01-10 00:00:00",3286.85
ASIANPAINT,"2024-01-11 00:00:00",3288.2
ASIANPAINT,"2024-01-12 00:00:00",3277.8
ASIANPAINT,"2024-01-15 00:00:00",3273.9
ASIANPAINT,"2024-01-16 00:00:00",3296.9
ASIANPAINT,"2024-01-17 00:00:00",3242.3
ASIANPAINT,"2024-01-18 00:00:00",3163.85
ASIANPAINT,"2024-01-19 00:00:00",3165.85
ASIANPAINT,"2024-01-20 00:00:00",3138.8
ASIANPAINT,"2024-01-23 00:00:00",3054.7
ASIANPAINT,"2024-01-24 00:00:00",2999.45
ASIANPAINT,"2024-01-25 00:00:00",2949.2
ASIANPAINT,"2024-01-29 00:00:00",2976.05
ASIANPAINT,"2024-01-30 00:00:00",2954.1
ASIANPAINT,"2024-01-31 00:00:00",2957.85
ASIANPAINT,"2024-02-01 00:00:00",2929.35
ASIANPAINT,"2024-02-02 00:00:00",2936.3
ASIANPAINT,"2024-02-05 00:00:00",2917.35
ASIANPAINT,"2024-02-06 00:00:00",2930.95
ASIANPAINT,"2024-02-07 00:00:00",2981.15
ASIANPAINT,"2024-02-08 00:00:00",2929.6
ASIANPAINT,"2024-02-09 00:00:00",2951.65
ASIANPAINT,"2024-02-12 00:00:00",2953.8
ASIANPAINT,"2024-02-13 00:00:00",2971.6
ASIANPAINT,"2024-02-14 00:00:00",2976.4
ASIANPAINT,"2024-02-15 00:00:00",3016.55
ASIANPAINT,"2024-02-16 00:00:00",3007.9
ASIANPAINT,"2024-02-19 00:00:00",2998.1
ASIANPAINT,"2024-02-20 00:00:00",3011.65
ASIANPAINT,"2024-02-21 00:00:00",3001.8
ASIANPAINT,"2024-02-22 00:00:00",3017.4
ASIANPAINT,"2024-02-23 00:00:00",2985.95
ASIANPAINT,"2024-02-26 00:00:00",2868.45
ASIANPAINT,"2024-02-27 00:00:00",2859.55
ASIANPAINT,"2024-02-28 00:00:00",2794.35
ASIANPAINT,"2024-02-29 00:00:00",2821.9
ASIANPAINT,"2024-03-01 00:00:00",2831.75
ASIANPAINT,"2024-03-02 00:00:00",2849.8
ASIANPAINT,"2024-03-04 00:00:00",2831.75
ASIANPAINT,"2024-03-05 00:00:00",2820.4
ASIANPAINT,"2024-03-06 00:00:00",2827.3
ASIANPAINT,"2024-03-07 00:00:00",2870.55
ASIANPAINT,"2024-03-11 00:00:00",2876.85
ASIANPAINT,"2024-03-12 00:00:00",2876.15
ASIANPAINT,"2024-03-13 00:00:00",2860.15
ASIANPAINT,"2024-03-14 00:00:00",2892.25
ASIANPAINT,"2024-03-15 00:00:00",2867.55
ASIANPAINT,"2024-03-18 00:00:00",2846.5
ASIANPAINT,"2024-03-19 00:00:00",2815.1
ASIANPAINT,"2024-03-20 00:00:00",2824.9
ASIANPAINT,"2024-03-21 00:00:00",2821.15
ASIANPAINT,"2024-03-22 00:00:00",2841.5
ASIANPAINT,"2024-03-26 00:00:00",2814.65
ASIANPAINT,"2024-03-27 00:00:00",2830.5
ASIANPAINT,"2024-03-28 00:00:00",2846.75
ASIANPAINT,"2024-04-01 00:00:00",2871
ASIANPAINT,"2024-04-02 00:00:00",2874.2
ASIANPAINT,"2024-04-03 00:00:00",2869.35
ASIANPAINT,"2024-04-04 00:00:00",2918.3
ASIANPAINT,"2024-04-05 00:00:00",2883.45
ASIANPAINT,"2024-04-08 00:00:00",2892
ASIANPAINT,"2024-04-09 00:00:00",2857.15
ASIANPAINT,"2024-04-10 00:00:00",2896.75
ASIANPAINT,"2024-04-12 00:00:00",2854.5
ASIANPAINT,"2024-04-15 00:00:00",2844.4
ASIANPAINT,"2024-04-16 00:00:00",2830
ASIANPAINT,"2024-04-18 00:00:00",2807.7
ASIANPAINT,"2024-04-19 00:00:00",2808.55
ASIANPAINT,"2024-04-22 00:00:00",2841.85
ASIANPAINT,"2024-04-23 00:00:00",2874.9
ASIANPAINT,"2024-04-24 00:00:00",2867.75
ASIANPAINT,"2024-04-25 00:00:00",2861.45
ASIANPAINT,"2024-04-26 00:00:00",2844.15
ASIANPAINT,"2024-04-29 00:00:00",2868.2
ASIANPAINT,"2024-04-30 00:00:00",2875.9
ASIANPAINT,"2024-05-02 00:00:00",2975.4
ASIANPAINT,"2024-05-03 00:00:00",2929.75
ASIANPAINT,"2024-05-06 00:00:00",2932.15
ASIANPAINT,"2024-05-07 00:00:00",2913
ASIANPAINT,"2024-05-08 00:00:00",2843.3
